{ "data":[
    {
     "description":"Othermill Collet Nut",
     "guid":"00ae4356-cd10-4b76-b3e6-777c75e8f68b",
     "last_modified":1430940643037,
     "product-id":"Othermill Collet Nut",
     "segments":[
         {
           "height":0.0512,
           "lower-diameter":0.567,
           "upper-diameter":0.748
          }, 
          {
           "height":0.224,
           "lower-diameter":0.748,
           "upper-diameter":0.748
          }, 
          {
           "height":0.039,
           "lower-diameter":0.748,
           "upper-diameter":0.748
          }, 
          {
           "height":0.157,
           "lower-diameter":0.748,
           "upper-diameter":0.748
          }, 
          {
           "height":0.039,
           "lower-diameter":0.748,
           "upper-diameter":0.567
          }],
       "type":"holder",
       "unit":"inches",
       "vendor":"Other Machine Co."
    }, 
    {
     "BMC":"carbide",
     "GRADE":"Mill Generic",
     "description":"1\/64\" Ball End Mill",
     "geometry":
      {
       "CSP":false,
       "DC":0.015,
       "LB":1,
       "LCF":0.045,
       "NOF":2,
       "OAL":1.5,
       "RE":0.0075,
       "SFDM":0.125,
       "SIG":0,
       "TA":0,
       "TP":0,
       "shoulder-length":0.045,
       "tip-diameter":0.0075,
       "tip-length":0,
       "tip-offset":0
      },
     "guid":"061c3d26-6125-4d8f-8388-7703f683792b",
     "holder":
      {
       "description":"Othermill Collet Nut",
       "guid":"00ae4356-cd10-4b76-b3e6-777c75e8f68b",
       "last_modified":1430940643037,
       "product-id":"Othermill Collet Nut",
       "segments":[
          {
           "height":0.0512,
           "lower-diameter":0.567,
           "upper-diameter":0.748
          }, 
          {
           "height":0.224,
           "lower-diameter":0.748,
           "upper-diameter":0.748
          }, 
          {
           "height":0.039,
           "lower-diameter":0.748,
           "upper-diameter":0.748
          }, 
          {
           "height":0.157,
           "lower-diameter":0.748,
           "upper-diameter":0.748
          }, 
          {
           "height":0.039,
           "lower-diameter":0.748,
           "upper-diameter":0.567
          }],
       "type":"holder",
       "unit":"inches",
       "vendor":"Other Machine Co."
      },
     "last_modified":1430960414722,
     "post-process":
      {
       "break-control":false,
       "comment":"",
       "diameter-offset":1,
       "length-offset":1,
       "manual-tool-change":false,
       "number":1,
       "tool-coolant":"disabled"
      },
     "product-id":"OMC-TL1012",
     "shaft":
      {
       "guid":"a6316ff4-a00f-4b7f-b4ae-46de50bbfc1f",
       "segments":[
          {
           "height":0.295,
           "lower-diameter":0.015,
           "upper-diameter":0.125
          }],
       "type":"shaft",
       "unit":"inches"
      },
     "start-values":
      {
       "*":
        {
         "f_n":3.03030303030303e-05,
         "f_z":0.00016969696969697,
         "n":16500,
         "n_ramp":16500,
         "v_c":64.7953484802895,
         "v_f":5.6,
         "v_f_leadIn":5.6,
         "v_f_leadOut":5.6,
         "v_f_plunge":0.5,
         "v_f_ramp":5.6,
         "v_f_retract":0.5
        }
      },
     "type":"ball end mill",
     "unit":"inches",
     "vendor":"Other Machine Co."
    }, 
    {
     "BMC":"carbide",
     "GRADE":"Mill Generic",
     "description":"1\/64\" Flat End Mill",
     "geometry":
      {
       "CSP":false,
       "DC":0.0156,
       "LB":1,
       "LCF":0.047,
       "NOF":2,
       "OAL":1.5,
       "RE":0,
       "SFDM":0.125,
       "SIG":0,
       "TA":0,
       "TP":0,
       "shoulder-length":0.047,
       "tip-diameter":0.0156,
       "tip-length":0,
       "tip-offset":0
      },
     "guid":"411f7a1b-d332-4d1b-b7c1-47ab6f39f661",
     "holder":
      {
       "description":"Othermill Collet Nut",
       "guid":"00ae4356-cd10-4b76-b3e6-777c75e8f68b",
       "last_modified":1430940643037,
       "product-id":"Othermill Collet Nut",
       "segments":[
          {
           "height":0.0512,
           "lower-diameter":0.567,
           "upper-diameter":0.748
          }, 
          {
           "height":0.224,
           "lower-diameter":0.748,
           "upper-diameter":0.748
          }, 
          {
           "height":0.039,
           "lower-diameter":0.748,
           "upper-diameter":0.748
          }, 
          {
           "height":0.157,
           "lower-diameter":0.748,
           "upper-diameter":0.748
          }, 
          {
           "height":0.039,
           "lower-diameter":0.748,
           "upper-diameter":0.567
          }],
       "type":"holder",
       "unit":"inches",
       "vendor":"Other Machine Co."
      },
     "last_modified":1430959318193,
     "post-process":
      {
       "break-control":false,
       "comment":"",
       "diameter-offset":1,
       "length-offset":1,
       "manual-tool-change":false,
       "number":1,
       "tool-coolant":"disabled"
      },
     "product-id":"OMC-TL1005",
     "shaft":
      {
       "guid":"57847825-7a8f-4aac-83c5-07df3cf9f03a",
       "segments":[
          {
           "height":0.283,
           "lower-diameter":0.0156,
           "upper-diameter":0.125
          }],
       "type":"shaft",
       "unit":"inches"
      },
     "start-values":
      {
       "*":
        {
         "f_n":3.03030303030303e-05,
         "f_z":0.00016969696969697,
         "n":16500,
         "n_ramp":16500,
         "v_c":67.3871624195011,
         "v_f":5.6,
         "v_f_leadIn":5.6,
         "v_f_leadOut":5.6,
         "v_f_plunge":0.5,
         "v_f_ramp":5.6,
         "v_f_retract":0.5
        }
      },
     "type":"flat end mill",
     "unit":"inches",
     "vendor":"Other Machine Co."
    }, 
    {
     "BMC":"carbide",
     "GRADE":"Mill Generic",
     "description":"1\/32\" Ball End Mill",
     "geometry":
      {
       "CSP":false,
       "DC":0.0312,
       "LB":1,
       "LCF":0.094,
       "NOF":2,
       "OAL":1.5,
       "RE":0.0156,
       "SFDM":0.125,
       "SIG":0,
       "TA":0,
       "TP":0,
       "shoulder-length":0.094,
       "tip-diameter":0.0156,
       "tip-length":0,
       "tip-offset":0
      },
     "guid":"92185f6a-42e0-45b7-9839-103282ce37e2",
     "holder":
      {
       "description":"Othermill Collet Nut",
       "guid":"00ae4356-cd10-4b76-b3e6-777c75e8f68b",
       "last_modified":1430940643037,
       "product-id":"Othermill Collet Nut",
       "segments":[
          {
           "height":0.0512,
           "lower-diameter":0.567,
           "upper-diameter":0.748
          }, 
          {
           "height":0.224,
           "lower-diameter":0.748,
           "upper-diameter":0.748
          }, 
          {
           "height":0.039,
           "lower-diameter":0.748,
           "upper-diameter":0.748
          }, 
          {
           "height":0.157,
           "lower-diameter":0.748,
           "upper-diameter":0.748
          }, 
          {
           "height":0.039,
           "lower-diameter":0.748,
           "upper-diameter":0.567
          }],
       "type":"holder",
       "unit":"inches",
       "vendor":"Other Machine Co."
      },
     "last_modified":1430959369193,
     "post-process":
      {
       "break-control":false,
       "comment":"",
       "diameter-offset":1,
       "length-offset":1,
       "manual-tool-change":false,
       "number":1,
       "tool-coolant":"disabled"
      },
     "product-id":"OMC-TL1011",
     "shaft":
      {
       "guid":"4664cc42-d63a-4b92-8081-3052a6f5ae20",
       "segments":[
          {
           "height":0.245,
           "lower-diameter":0.0312,
           "upper-diameter":0.125
          }],
       "type":"shaft",
       "unit":"inches"
      },
     "start-values":
      {
       "*":
        {
         "f_n":0.000121212121212121,
         "f_z":0.000424242424242424,
         "n":16500,
         "n_ramp":16500,
         "v_c":134.774324839002,
         "v_f":14,
         "v_f_leadIn":14,
         "v_f_leadOut":14,
         "v_f_plunge":2,
         "v_f_ramp":14,
         "v_f_retract":2
        }
      },
     "type":"ball end mill",
     "unit":"inches",
     "vendor":"Other Machine Co."
    }, 
    {
     "BMC":"carbide",
     "GRADE":"Mill Generic",
     "description":"1\/8\" Flat End Mill",
     "geometry":
      {
       "CSP":false,
       "DC":0.125,
       "LB":1,
       "LCF":0.5,
       "NOF":2,
       "OAL":1.5,
       "RE":0,
       "SFDM":0.125,
       "SIG":0,
       "TA":0,
       "TP":0,
       "shoulder-length":0.5,
       "tip-diameter":0.125,
       "tip-length":0,
       "tip-offset":0
      },
     "guid":"a4ac973c-329a-4c3b-bd16-6bfc317cb011",
     "holder":
      {
       "description":"Othermill Collet Nut",
       "guid":"00ae4356-cd10-4b76-b3e6-777c75e8f68b",
       "last_modified":1430940643037,
       "product-id":"Othermill Collet Nut",
       "segments":[
          {
           "height":0.0512,
           "lower-diameter":0.567,
           "upper-diameter":0.748
          }, 
          {
           "height":0.224,
           "lower-diameter":0.748,
           "upper-diameter":0.748
          }, 
          {
           "height":0.039,
           "lower-diameter":0.748,
           "upper-diameter":0.748
          }, 
          {
           "height":0.157,
           "lower-diameter":0.748,
           "upper-diameter":0.748
          }, 
          {
           "height":0.039,
           "lower-diameter":0.748,
           "upper-diameter":0.567
          }],
       "type":"holder",
       "unit":"inches",
       "vendor":"Other Machine Co."
      },
     "last_modified":1430951883829,
     "post-process":
      {
       "break-control":false,
       "comment":"",
       "diameter-offset":1,
       "length-offset":1,
       "manual-tool-change":false,
       "number":1,
       "tool-coolant":"disabled"
      },
     "product-id":"OMC-TL1002",
     "start-values":
      {
       "*":
        {
         "f_n":0.000121212121212121,
         "f_z":0.00121212121212121,
         "n":16500,
         "n_ramp":16500,
         "v_c":539.961237335746,
         "v_f":40,
         "v_f_leadIn":40,
         "v_f_leadOut":40,
         "v_f_plunge":2,
         "v_f_ramp":40,
         "v_f_retract":2
        }
      },
     "type":"flat end mill",
     "unit":"inches",
     "vendor":"Other Machine Co."
    }, 
    {
     "BMC":"carbide",
     "GRADE":"Mill Generic",
     "description":"1\/16\" Flat End Mill",
     "geometry":
      {
       "CSP":false,
       "DC":0.0625,
       "LB":1,
       "LCF":0.2,
       "NOF":2,
       "OAL":1.5,
       "RE":0,
       "SFDM":0.125,
       "SIG":0,
       "TA":0,
       "TP":0,
       "shoulder-length":0.2,
       "tip-diameter":0.0625,
       "tip-length":0,
       "tip-offset":0
      },
     "guid":"a4c3dfe5-982f-4093-b3a9-8396d5fc1cb6",
     "holder":
      {
       "description":"Othermill Collet Nut",
       "guid":"00ae4356-cd10-4b76-b3e6-777c75e8f68b",
       "last_modified":1430940643037,
       "product-id":"Othermill Collet Nut",
       "segments":[
          {
           "height":0.0512,
           "lower-diameter":0.567,
           "upper-diameter":0.748
          }, 
          {
           "height":0.224,
           "lower-diameter":0.748,
           "upper-diameter":0.748
          }, 
          {
           "height":0.039,
           "lower-diameter":0.748,
           "upper-diameter":0.748
          }, 
          {
           "height":0.157,
           "lower-diameter":0.748,
           "upper-diameter":0.748
          }, 
          {
           "height":0.039,
           "lower-diameter":0.748,
           "upper-diameter":0.567
          }],
       "type":"holder",
       "unit":"inches",
       "vendor":"Other Machine Co."
      },
     "last_modified":1430959716351,
     "post-process":
      {
       "break-control":false,
       "comment":"",
       "diameter-offset":1,
       "length-offset":1,
       "manual-tool-change":false,
       "number":1,
       "tool-coolant":"disabled"
      },
     "product-id":"OMC-TL1003",
     "shaft":
      {
       "guid":"3e453034-2698-4f82-b794-434812d8d2f3",
       "segments":[
          {
           "height":0.2,
           "lower-diameter":0.0625,
           "upper-diameter":0.125
          }],
       "type":"shaft",
       "unit":"inches"
      },
     "start-values":
      {
       "*":
        {
         "f_n":0.000121212121212121,
         "f_z":0.000424242424242424,
         "n":16500,
         "n_ramp":16500,
         "v_c":269.980618667873,
         "v_f":14,
         "v_f_leadIn":14,
         "v_f_leadOut":14,
         "v_f_plunge":2,
         "v_f_ramp":14,
         "v_f_retract":2
        }
      },
     "type":"flat end mill",
     "unit":"inches",
     "vendor":"Other Machine Co."
    }, 
    {
     "BMC":"carbide",
     "GRADE":"Mill Generic",
     "description":"1\/8\" Ball End Mill",
     "geometry":
      {
       "CSP":false,
       "DC":0.125,
       "LB":1,
       "LCF":0.4,
       "NOF":2,
       "OAL":1.5,
       "RE":0.0625,
       "SFDM":0.125,
       "SIG":0,
       "TA":0,
       "TP":0,
       "shoulder-length":0.4,
       "tip-diameter":0.0625,
       "tip-length":0,
       "tip-offset":0
      },
     "guid":"acff6de3-d1ea-4a16-bbd6-29d44eda150b",
     "holder":
      {
       "description":"Othermill Collet Nut",
       "guid":"00ae4356-cd10-4b76-b3e6-777c75e8f68b",
       "last_modified":1430940643037,
       "product-id":"Othermill Collet Nut",
       "segments":[
          {
           "height":0.0512,
           "lower-diameter":0.567,
           "upper-diameter":0.748
          }, 
          {
           "height":0.224,
           "lower-diameter":0.748,
           "upper-diameter":0.748
          }, 
          {
           "height":0.039,
           "lower-diameter":0.748,
           "upper-diameter":0.748
          }, 
          {
           "height":0.157,
           "lower-diameter":0.748,
           "upper-diameter":0.748
          }, 
          {
           "height":0.039,
           "lower-diameter":0.748,
           "upper-diameter":0.567
          }],
       "type":"holder",
       "unit":"inches",
       "vendor":"Other Machine Co."
      },
     "last_modified":1430957721782,
     "post-process":
      {
       "break-control":false,
       "comment":"",
       "diameter-offset":1,
       "length-offset":1,
       "manual-tool-change":false,
       "number":1,
       "tool-coolant":"disabled"
      },
     "product-id":"OMC-TL1000",
     "start-values":
      {
       "*":
        {
         "f_n":0.000121212121212121,
         "f_z":0.00121212121212121,
         "n":16500,
         "n_ramp":16500,
         "v_c":539.961237335746,
         "v_f":40,
         "v_f_leadIn":40,
         "v_f_leadOut":40,
         "v_f_plunge":2,
         "v_f_ramp":40,
         "v_f_retract":2
        }
      },
     "type":"ball end mill",
     "unit":"inches",
     "vendor":"Other Machine Co."
    }, 
    {
     "BMC":"carbide",
     "GRADE":"Mill Generic",
     "description":"80\u00b0 Engraving Bit",
     "geometry":
      {
       "CSP":false,
       "DC":0.125,
       "LB":1,
       "LCF":0.08,
       "NOF":1,
       "OAL":1.5,
       "RE":0,
       "SFDM":0.125,
       "SIG":0,
       "TA":40,
       "TP":0,
       "shoulder-length":0.587,
       "tip-diameter":0.005,
       "tip-length":0,
       "tip-offset":0
      },
     "guid":"c586b1da-b4ac-4d72-886a-a9d2a747cffc",
     "holder":
      {
       "description":"Othermill Collet Nut",
       "guid":"00ae4356-cd10-4b76-b3e6-777c75e8f68b",
       "last_modified":1430940643037,
       "product-id":"Othermill Collet Nut",
       "segments":[
          {
           "height":0.0512,
           "lower-diameter":0.567,
           "upper-diameter":0.748
          }, 
          {
           "height":0.224,
           "lower-diameter":0.748,
           "upper-diameter":0.748
          }, 
          {
           "height":0.039,
           "lower-diameter":0.748,
           "upper-diameter":0.748
          }, 
          {
           "height":0.157,
           "lower-diameter":0.748,
           "upper-diameter":0.748
          }, 
          {
           "height":0.039,
           "lower-diameter":0.748,
           "upper-diameter":0.567
          }],
       "type":"holder",
       "unit":"inches",
       "vendor":"Other Machine Co."
      },
     "last_modified":1430959466687,
     "post-process":
      {
       "break-control":false,
       "comment":"",
       "diameter-offset":1,
       "length-offset":1,
       "manual-tool-change":false,
       "number":1,
       "tool-coolant":"flood"
      },
     "product-id":"OMC-TL1007",
     "start-values":
      {
       "*":
        {
         "f_n":0.000121212121212121,
         "f_z":0.00303030303030303,
         "n":16500,
         "n_ramp":5000,
         "v_c":539.961237335746,
         "v_f":50,
         "v_f_leadIn":50,
         "v_f_leadOut":50,
         "v_f_plunge":2,
         "v_f_ramp":50,
         "v_f_retract":2
        }
      },
     "type":"chamfer mill",
     "unit":"inches",
     "vendor":"Other Machine Co."
    }, 
    {
     "BMC":"carbide",
     "GRADE":"Mill Generic",
     "description":"1\/100\" Flat End Mill",
     "geometry":
      {
       "CSP":false,
       "DC":0.01,
       "LB":1,
       "LCF":0.03,
       "NOF":2,
       "OAL":1.5,
       "RE":0,
       "SFDM":0.125,
       "SIG":0,
       "TA":0,
       "TP":0,
       "shoulder-length":0.03,
       "tip-diameter":0.01,
       "tip-length":0,
       "tip-offset":0
      },
     "guid":"e41b43db-4787-47d9-b9d6-2d4e5021cce3",
     "holder":
      {
       "description":"Othermill Collet Nut",
       "guid":"00ae4356-cd10-4b76-b3e6-777c75e8f68b",
       "last_modified":1430940643037,
       "product-id":"Othermill Collet Nut",
       "segments":[
          {
           "height":0.0512,
           "lower-diameter":0.567,
           "upper-diameter":0.748
          }, 
          {
           "height":0.224,
           "lower-diameter":0.748,
           "upper-diameter":0.748
          }, 
          {
           "height":0.039,
           "lower-diameter":0.748,
           "upper-diameter":0.748
          }, 
          {
           "height":0.157,
           "lower-diameter":0.748,
           "upper-diameter":0.748
          }, 
          {
           "height":0.039,
           "lower-diameter":0.748,
           "upper-diameter":0.567
          }],
       "type":"holder",
       "unit":"inches",
       "vendor":"Other Machine Co."
      },
     "last_modified":1430959856625,
     "post-process":
      {
       "break-control":false,
       "comment":"",
       "diameter-offset":1,
       "length-offset":1,
       "manual-tool-change":false,
       "number":1,
       "tool-coolant":"disabled"
      },
     "product-id":"OMC-TL1019",
     "shaft":
      {
       "guid":"144d2b14-f404-4008-9552-d590be72c356",
       "segments":[
          {
           "height":0.3,
           "lower-diameter":0.01,
           "upper-diameter":0.125
          }],
       "type":"shaft",
       "unit":"inches"
      },
     "start-values":
      {
       "*":
        {
         "f_n":3.03030303030303e-05,
         "f_z":0.00016969696969697,
         "n":16500,
         "n_ramp":16500,
         "v_c":43.1968989868597,
         "v_f":5.6,
         "v_f_leadIn":5.6,
         "v_f_leadOut":5.6,
         "v_f_plunge":0.5,
         "v_f_ramp":5.6,
         "v_f_retract":0.5
        }
      },
     "type":"flat end mill",
     "unit":"inches",
     "vendor":"Other Machine Co."
    }, 
    {
     "BMC":"carbide",
     "GRADE":"Mill Generic",
     "description":"1\/32\" Flat End Mill",
     "geometry":
      {
       "CSP":false,
       "DC":0.0312,
       "LB":1,
       "LCF":0.094,
       "NOF":2,
       "OAL":1.5,
       "RE":0,
       "SFDM":0.125,
       "SIG":0,
       "TA":0,
       "TP":0,
       "shoulder-length":0.094,
       "tip-diameter":0.0312,
       "tip-length":0,
       "tip-offset":0
      },
     "guid":"eb68fc4b-13d1-4cd2-b75e-1e375b459278",
     "holder":
      {
       "description":"Othermill Collet Nut",
       "guid":"00ae4356-cd10-4b76-b3e6-777c75e8f68b",
       "last_modified":1430940643037,
       "product-id":"Othermill Collet Nut",
       "segments":[
          {
           "height":0.0512,
           "lower-diameter":0.567,
           "upper-diameter":0.748
          }, 
          {
           "height":0.224,
           "lower-diameter":0.748,
           "upper-diameter":0.748
          }, 
          {
           "height":0.039,
           "lower-diameter":0.748,
           "upper-diameter":0.748
          }, 
          {
           "height":0.157,
           "lower-diameter":0.748,
           "upper-diameter":0.748
          }, 
          {
           "height":0.039,
           "lower-diameter":0.748,
           "upper-diameter":0.567
          }],
       "type":"holder",
       "unit":"inches",
       "vendor":"Other Machine Co."
      },
     "last_modified":1430959346234,
     "post-process":
      {
       "break-control":false,
       "comment":"",
       "diameter-offset":1,
       "length-offset":1,
       "manual-tool-change":false,
       "number":1,
       "tool-coolant":"disabled"
      },
     "product-id":"OMC-TL1004",
     "shaft":
      {
       "guid":"3a47539b-398d-4fa8-835c-3c8e944e6e84",
       "segments":[
          {
           "height":0.236,
           "lower-diameter":0.0312,
           "upper-diameter":0.125
          }],
       "type":"shaft",
       "unit":"inches"
      },
     "start-values":
      {
       "*":
        {
         "f_n":0.000121212121212121,
         "f_z":0.000424242424242424,
         "n":16500,
         "n_ramp":16500,
         "v_c":134.774324839002,
         "v_f":14,
         "v_f_leadIn":14,
         "v_f_leadOut":14,
         "v_f_plunge":2,
         "v_f_ramp":14,
         "v_f_retract":2
        }
      },
     "type":"flat end mill",
     "unit":"inches",
     "vendor":"Other Machine Co."
    }, 
    {
     "BMC":"carbide",
     "GRADE":"Mill Generic",
     "description":"1\/16\" Ball End Mill",
     "geometry":
      {
       "CSP":false,
       "DC":0.0625,
       "LB":1,
       "LCF":0.2,
       "NOF":2,
       "OAL":1.5,
       "RE":0.03125,
       "SFDM":0.125,
       "SIG":0,
       "TA":0,
       "TP":0,
       "shoulder-length":0.2,
       "tip-diameter":0.03125,
       "tip-length":0,
       "tip-offset":0
      },
     "guid":"f92db91a-b412-4c6f-92e5-243cf3fc23d2",
     "holder":
      {
       "description":"Othermill Collet Nut",
       "guid":"00ae4356-cd10-4b76-b3e6-777c75e8f68b",
       "last_modified":1430940643037,
       "product-id":"Othermill Collet Nut",
       "segments":[
          {
           "height":0.0512,
           "lower-diameter":0.567,
           "upper-diameter":0.748
          }, 
          {
           "height":0.224,
           "lower-diameter":0.748,
           "upper-diameter":0.748
          }, 
          {
           "height":0.039,
           "lower-diameter":0.748,
           "upper-diameter":0.748
          }, 
          {
           "height":0.157,
           "lower-diameter":0.748,
           "upper-diameter":0.748
          }, 
          {
           "height":0.039,
           "lower-diameter":0.748,
           "upper-diameter":0.567
          }],
       "type":"holder",
       "unit":"inches",
       "vendor":"Other Machine Co."
      },
     "last_modified":1430959735857,
     "post-process":
      {
       "break-control":false,
       "comment":"",
       "diameter-offset":1,
       "length-offset":1,
       "manual-tool-change":false,
       "number":1,
       "tool-coolant":"disabled"
      },
     "product-id":"OMC-TL1001",
     "shaft":
      {
       "guid":"45e5a0ff-82b4-4bea-b5d1-0977562ed5e4",
       "segments":[
          {
           "height":0.2,
           "lower-diameter":0.0625,
           "upper-diameter":0.125
          }],
       "type":"shaft",
       "unit":"inches"
      },
     "start-values":
      {
       "*":
        {
         "f_n":0.000121212121212121,
         "f_z":0.000424242424242424,
         "n":16500,
         "n_ramp":16500,
         "v_c":269.980618667873,
         "v_f":14,
         "v_f_leadIn":14,
         "v_f_leadOut":14,
         "v_f_plunge":2,
         "v_f_ramp":14,
         "v_f_retract":2
        }
      },
     "type":"ball end mill",
     "unit":"inches",
     "vendor":"Other Machine Co."
    }]
}